{
    "addresses": [
        {
            "address1": "1745 T Street Southeast",
            "address2": "",
            "city": "Washington",
            "state": "DC",
            "postalCode": "20020",
            "latitude": 38.867033,
            "longitude": -76.979235

        
        },
        {
            "address1": "6007 Applegate Lane",
            "address2": "",
            "city": "Louisville",
            "state": "KY",
            "postalCode": "40219",

            "latitude": 38.1343013,
            "longitude": -85.6498512
           
           
        },
        {
            "address1": "560 Penstock Drive",
            "address2": "",
            "city": "Grass Valley",
            "state": "CA",
            "postalCode": "95945",
       
            "latitude": 39.213076,
            "longitude": -121.077583
         
        },
        {
            "address1": "150 Carter Street",
            "address2": "",
            "city": "Manchester",
            "state": "CT",
            "postalCode": "06040",
         
            "latitude": 41.76556000000001,
            "longitude": -72.473091
            
        },
        {
            "address1": "2721 Lindsay Avenue",
            "address2": "",
            "city": "Louisville",
            "state": "KY",
            "postalCode": "40206",
       
            "latitude": 38.263793,
            "longitude": -85.700243
            
        },
        {
            "address1": "18 Densmore Drive",
            "address2": "",
            "city": "Essex",
            "state": "VT",
            "postalCode": "05452",
          
            "latitude": 44.492953,
            "longitude": -73.101883
            
        },
        {
            "address1": "637 Britannia Drive",
            "address2": "",
            "city": "Vallejo",
            "state": "CA",
            "postalCode": "94591",
           
            "latitude": 38.10476999999999,
            "longitude": -122.193849
           
        },
        {
            "address1": "5601 West Crocus Drive",
            "address2": "",
            "city": "Glendale",
            "state": "AZ",
            "postalCode": "85306",
            
            "latitude": 33.6152469,
            "longitude": -112.179737
            
        },
        {
            "address1": "5403 Illinois Avenue",
            "address2": "",
            "city": "Nashville",
            "state": "TN",
            "postalCode": "37209",
          
            "latitude": 36.157077,
            "longitude": -86.853827
            
        },
        {
            "address1": "8821 West Myrtle Avenue",
            "address2": "",
            "city": "Glendale",
            "state": "AZ",
            "postalCode": "85305",
        
            "latitude": 33.5404296,
            "longitude": -112.2488391
            
        },
        {
            "address1": "2203 7th Street Road",
            "address2": "",
            "city": "Louisville",
            "state": "KY",
            "postalCode": "40208",
        
            "latitude": 38.218107,
            "longitude": -85.779006
            
        },
        {
            "address1": "6463 Vrain Street",
            "address2": "",
            "city": "Arvada",
            "state": "CO",
            "postalCode": "80003",
         
            "latitude": 39.814056,
            "longitude": -105.046913
            
        },
        {
            "address1": "87 Horseshoe Drive",
            "address2": "",
            "city": "West Windsor",
            "state": "VT",
            "postalCode": "05037",
           
            "latitude": 43.4731793,
            "longitude": -72.4967532
            
        },
        {
            "address1": "60 Desousa Drive",
            "address2": "",
            "city": "Manchester",
            "state": "CT",
            "postalCode": "06040",
         
            "latitude": 41.7409259,
            "longitude": -72.5619104
            
        },
        {
            "address1": "4 Old Colony Way",
            "address2": "",
            "city": "Yarmouth",
            "state": "MA",
            "postalCode": "02664",
          
            "latitude": 41.697168,
            "longitude": -70.189992
            
        },
        {
            "address1": "314 South 17th Street",
            "address2": "",
            "city": "Nashville",
            "state": "TN",
            "postalCode": "37206",
        
            "latitude": 36.1719075,
            "longitude": -86.740228
            
        },
        {
            "address1": "1649 Timberridge Court",
            "address2": "",
            "city": "Fayetteville",
            "state": "AR",
            "postalCode": "72704",
           
            "latitude": 36.084563,
            "longitude": -94.206082
            
        },
        {
            "address1": "5461 West Shades Valley Drive",
            "address2": "",
            "city": "Montgomery",
            "state": "AL",
            "postalCode": "36108",
         
            "latitude": 32.296422,
            "longitude": -86.34280299999999
            
        },
        {
            "address1": "629 Debbie Drive",
            "address2": "",
            "city": "Nashville",
            "state": "TN",
            "postalCode": "37076",
     
            "latitude": 36.208114,
            "longitude": -86.58621199999999
            
        },
        {
            "address1": "22572 Toreador Drive",
            "address2": "",
            "city": "Salinas",
            "state": "CA",
            "postalCode": "93908",
         
            "latitude": 36.602449,
            "longitude": -121.699071
            
        },
        {
            "address1": "3034 Mica Street",
            "address2": "",
            "city": "Fayetteville",
            "state": "AR",
            "postalCode": "72704",
           
            "latitude": 36.0807929,
            "longitude": -94.2066449
            
        },
        {
            "address1": "3729 East Mission Boulevard",
            "address2": "",
            "city": "Fayetteville",
            "state": "AR",
            "postalCode": "72703",
            
            "latitude": 36.0919353,
            "longitude": -94.10654219999999
            
        },
        {
            "address1": "5114 Greentree Drive",
            "address2": "",
            "city": "Nashville",
            "state": "TN",
            "postalCode": "37211",
           
            "latitude": 36.0618539,
            "longitude": -86.738508
            
        },
        {
            "address1": "3466 Southview Avenue",
            "address2": "",
            "city": "Montgomery",
            "state": "AL",
            "postalCode": "36111",
            
            "latitude": 32.341227,
            "longitude": -86.2846859
            
        },
        {
            "address1": "1513 Cathy Street",
            "address2": "",
            "city": "Savannah",
            "state": "GA",
            "postalCode": "31415",
           
            "latitude": 32.067416,
            "longitude": -81.125331
            
        },
        {
            "address1": "600 West 19th Avenue",
            "address2": "APT B",
            "city": "Anchorage",
            "state": "AK",
            "postalCode": "99503",
            
            "latitude": 61.203115,
            "longitude": -149.894107
            
        },
        {
            "address1": "1208 Elkader Court North",
            "address2": "",
            "city": "Nashville",
            "state": "TN",
            "postalCode": "37013",
            
            "latitude": 36.080049,
            "longitude": -86.60116099999999
            
        },
        {
            "address1": "210 Green Road",
            "address2": "",
            "city": "Manchester",
            "state": "CT",
            "postalCode": "06042",
           
            "latitude": 41.7909099,
            "longitude": -72.51195129999999
            
        },
        {
            "address1": "1066 rue Thierry",
            "address2": "",
            "city": "Montreal",
            "state": "CA",
            "postalCode": "H8N2Y6",
            "latitude": 45.43344,
            "longitude": -73.60882
        },
        {
            "address1": "81 Seaton Place Northwest",
            "address2": "",
            "city": "Washington",
            "state": "DC",
            "postalCode": "20001",
           
            "latitude": 38.9149499,
            "longitude": -77.01170259999999
            
        },
        {
            "address1": "1267 Martin Street",
            "address2": "#203",
            "city": "Nashville",
            "state": "TN",
            "postalCode": "37203",
           
            "latitude": 36.1404897,
            "longitude": -86.7695179
            
        },
        {
            "address1": "7431 Candace Way",
            "address2": "#1",
            "city": "Louisville",
            "state": "KY",
            "postalCode": "40214",
           
            "latitude": 38.142768,
            "longitude": -85.7717132
            
        },
        {
            "address1": "1407 Walden Court",
            "address2": "",
            "city": "Crofton",
            "state": "MD",
            "postalCode": "21114",
          
            "latitude": 39.019306,
            "longitude": -76.660653
            
        },
        {
            "address1": "5906 Milton Avenue",
            "address2": "",
            "city": "Deale",
            "state": "MD",
            "postalCode": "20751",
            
            "latitude": 38.784451,
            "longitude": -76.54125499999999
            
        },
        {
            "address1": "74 Springfield Street",
            "address2": "B",
            "city": "Agawam",
            "state": "MA",
            "postalCode": "01001",
            
            "latitude": 42.0894922,
            "longitude": -72.6297558
            
        },
        {
            "address1": "2905 Stonebridge Court",
            "address2": "",
            "city": "Norman",
            "state": "OK",
            "postalCode": "73071",
            
            "latitude": 35.183319,
            "longitude": -97.40210499999999
            
        },
        {
            "address1": "20930 Todd Valley Road",
            "address2": "",
            "city": "Foresthill",
            "state": "CA",
            "postalCode": "95631",
          
            "latitude": 38.989466,
            "longitude": -120.883108
            
        },
        {
            "address1": "5928 West Mauna Loa Lane",
            "address2": "",
            "city": "Glendale",
            "state": "AZ",
            "postalCode": "85306",
           
            "latitude": 33.6204899,
            "longitude": -112.18702
            
        },
        {
            "address1": "802 Madison Street Northwest",
            "address2": "",
            "city": "Washington",
            "state": "DC",
            "postalCode": "20011",
          
            "latitude": 38.9582381,
            "longitude": -77.0244287
            
        },
        {
            "address1": "2811 Battery Place Northwest",
            "address2": "",
            "city": "Washington",
            "state": "DC",
            "postalCode": "20016",
            
            "latitude": 38.9256252,
            "longitude": -77.0982646
            
        },
        {
            "address1": "210 Lacross Lane",
            "address2": "",
            "city": "Westmore",
            "state": "VT",
            "postalCode": "05860",
            
            "latitude": 44.771005,
            "longitude": -72.048664
            
        },
        {
            "address1": "2010 Rising Hill Drive",
            "address2": "",
            "city": "Norman",
            "state": "OK",
            "postalCode": "73071",
            
            "latitude": 35.177281,
            "longitude": -97.411869
            
        },
        {
            "address1": "388 East Main Street",
            "address2": "",
            "city": "Pennsylvanie",
            "state": "VT",
            "postalCode": "05753",
            
            "latitude": 43.9727945,
            "longitude": -73.1023187
            
        },
        {
            "address1": "450 Kinhawk Drive",
            "address2": "",
            "city": "Nashville",
            "state": "TN",
            "postalCode": "37211",
            
            "latitude": 36.030927,
            "longitude": -86.71949099999999
            
        },
        {
            "address1": "131 Westerly Street",
            "address2": "",
            "city": "Manchester",
            "state": "CT",
            "postalCode": "06042",
          
            "latitude": 41.7906813,
            "longitude": -72.53559729999999
            
        },
        {
            "address1": "308 Woodleaf Court",
            "address2": "",
            "city": "Glen Burnie",
            "state": "MD",
            "postalCode": "21061",
           
            "latitude": 39.1425931,
            "longitude": -76.6238441
            
        },
        {
            "address1": "8502 Madrone Avenue",
            "address2": "",
            "city": "Louisville",
            "state": "KY",
            "postalCode": "40258",
            
            "latitude": 38.1286407,
            "longitude": -85.8678042
            
        },
        {
            "address1": "23 Sable Run Lane",
            "address2": "",
            "city": "Methuen",
            "state": "MA",
            "postalCode": "01844",
           
            "latitude": 42.759847,
            "longitude": -71.157721
            
        },
        {
            "address1": "716 Waller Road",
            "address2": "",
            "city": "Brentwood",
            "state": "TN",
            "postalCode": "37027",
            
            "latitude": 35.998892,
            "longitude": -86.696529
            
        },
        {
            "address1": "416 McIver Street",
            "address2": "",
            "city": "Nashville",
            "state": "TN",
            "postalCode": "37211",
          
            "latitude": 36.10436,
            "longitude": -86.74411599999999
            
        },
        {
            "address1": "1508 Massachusetts Avenue Southeast",
            "address2": "",
            "city": "Washington",
            "state": "DC",
            "postalCode": "20003",
            
            "latitude": 38.887255,
            "longitude": -76.98318499999999
            
        },
        {
            "address1": "5615 West Villa Maria Drive",
            "address2": "",
            "city": "Glendale",
            "state": "AZ",
            "postalCode": "85308",
            
            "latitude": 33.650988,
            "longitude": -112.180624
            
        },
        {
            "address1": "3162 Martin Luther King Junior Boulevard",
            "address2": "#2",
            "city": "Fayetteville",
            "state": "AR",
            "postalCode": "72704",
           
            "latitude": 36.05233310000001,
            "longitude": -94.2056987
            
        },
        {
            "address1": "5306 Ritchie Highway",
            "address2": "",
            "city": "Baltimore",
            "state": "MD",
            "postalCode": "21225",
            
            "latitude": 39.221978,
            "longitude": -76.614183
            
        },
        {
            "address1": "109 Summit Street",
            "address2": "",
            "city": "Burlington",
            "state": "VT",
            "postalCode": "05401",
           
            "latitude": 44.4729749,
            "longitude": -73.2026566
            
        },
        {
            "address1": "816 West 19th Avenue",
            "address2": "",
            "city": "Anchorage",
            "state": "AK",
            "postalCode": "99503",
            
            "latitude": 61.203221,
            "longitude": -149.898655
            
        },
        {
            "address1": "172 Alburg Springs Road",
            "address2": "",
            "city": "Alburgh",
            "state": "VT",
            "postalCode": "05440",
            
            "latitude": 44.995827,
            "longitude": -73.2201539
            
        },
        {
            "address1": "159 Downey Drive",
            "address2": "A",
            "city": "Manchester",
            "state": "CT",
            "postalCode": "06040",
            
            "latitude": 41.7800126,
            "longitude": -72.5754309
            
        },
        {
            "address1": "125 John Street",
            "address2": "",
            "city": "Santa Cruz",
            "state": "CA",
            "postalCode": "95060",
            
            "latitude": 36.950901,
            "longitude": -122.046881
            
        },
        {
            "address1": "1101 Lotus Avenue",
            "address2": "",
            "city": "Glen Burnie",
            "state": "MD",
            "postalCode": "21061",
            
            "latitude": 39.191982,
            "longitude": -76.6525659
            
        },
        {
            "address1": "8376 Albacore Drive",
            "address2": "",
            "city": "Pasadena",
            "state": "MD",
            "postalCode": "21122",
            
            "latitude": 39.110409,
            "longitude": -76.46565799999999
            
        },
        {
            "address1": "491 Arabian Way",
            "address2": "",
            "city": "Grand Junction",
            "state": "CO",
            "postalCode": "81504",
            
            "latitude": 39.07548999999999,
            "longitude": -108.474785
            
        },
        {
            "address1": "12245 West 71st Place",
            "address2": "",
            "city": "Arvada",
            "state": "CO",
            "postalCode": "80004",
            
            "latitude": 39.8267078,
            "longitude": -105.1366798
            
        },
        {
            "address1": "80 North East Street",
            "address2": "#4",
            "city": "Holyoke",
            "state": "MA",
            "postalCode": "01040",
            
            "latitude": 42.2041219,
            "longitude": -72.5977704
            
        },
        {
            "address1": "4695 East Huntsville Road",
            "address2": "",
            "city": "Fayetteville",
            "state": "AR",
            "postalCode": "72701",
            
            "latitude": 36.0471975,
            "longitude": -94.0946286
            
        },
        {
            "address1": "310 Timrod Road",
            "address2": "",
            "city": "Manchester",
            "state": "CT",
            "postalCode": "06040",
            
            "latitude": 41.756758,
            "longitude": -72.493501
            
        },
        {
            "address1": "1364 Capri Drive",
            "address2": "",
            "city": "Panama City",
            "state": "FL",
            "postalCode": "32405",
            
            "latitude": 30.2207276,
            "longitude": -85.6808795
            
        },
        {
            "address1": "132 Laurel Green Court",
            "address2": "",
            "city": "Savannah",
            "state": "GA",
            "postalCode": "31419",
            
            "latitude": 32.0243075,
            "longitude": -81.2468102
            
        },
        {
            "address1": "6657 West Rose Garden Lane",
            "address2": "",
            "city": "Glendale",
            "state": "AZ",
            "postalCode": "85308",
            
            "latitude": 33.676018,
            "longitude": -112.201658
            
        },
        {
            "address1": "519 West 75th Avenue",
            "address2": "#APT 000003",
            "city": "Anchorage",
            "state": "AK",
            "postalCode": "99518",
            
            "latitude": 61.15288690000001,
            "longitude": -149.889133
            
        },
        {
            "address1": "31353 Santa Elena Way",
            "address2": "",
            "city": "Union City",
            "state": "CA",
            "postalCode": "94587",
            
            "latitude": 37.593981,
            "longitude": -122.059762
            
        },
        {
            "address1": "8398 West Denton Lane",
            "address2": "",
            "city": "Glendale",
            "state": "AZ",
            "postalCode": "85305",
            
            "latitude": 33.515353,
            "longitude": -112.240812
            
        },
        {
            "address1": "700 Winston Place",
            "address2": "",
            "city": "Anchorage",
            "state": "AK",
            "postalCode": "99504",
            
            "latitude": 61.215882,
            "longitude": -149.737337
            
        },
        {
            "address1": "232 Maine Avenue",
            "address2": "",
            "city": "Panama City",
            "state": "FL",
            "postalCode": "32401",
           
            "latitude": 30.1527033,
            "longitude": -85.63207129999999
            
        },
        {
            "address1": "1 Kempf Drive",
            "address2": "",
            "city": "Easton",
            "state": "MA",
            "postalCode": "02375",
            
            "latitude": 42.0505989,
            "longitude": -71.08029379999999
            
        },
        {
            "address1": "5811 Crossings Boulevard",
            "address2": "",
            "city": "Nashville",
            "state": "TN",
            "postalCode": "37013",
            
            "latitude": 36.0370847,
            "longitude": -86.6413728
            
        },
        {
            "address1": "5108 Franklin Street",
            "address2": "",
            "city": "Savannah",
            "state": "GA",
            "postalCode": "31405",
  
            "latitude": 32.034987,
            "longitude": -81.121928
            
        },
        {
            "address1": "913 Fallview Trail",
            "address2": "",
            "city": "Nashville",
            "state": "TN",
            "postalCode": "37211",
           
            "latitude": 36.02419100000001,
            "longitude": -86.718305
         
        },
        {
            "address1": "270 Chrissy's Court",
            "address2": "",
            "city": "Bristol",
            "state": "VT",
            "postalCode": "05443",
           
            "latitude": 44.1710043,
            "longitude": -73.1065617
            
        },
        {
            "address1": "130 Old Route 103",
            "address2": "",
            "city": "Chester",
            "state": "VT",
            "postalCode": "05143",
            
            "latitude": 43.224335,
            "longitude": -72.54227399999999
            
        },
        {
            "address1": "10826 Pointe Royal Drive",
            "address2": "",
            "city": "Bakersfield",
            "state": "CA",
            "postalCode": "93311",
          
            "latitude": 35.2930007,
            "longitude": -119.1225908
            
        },
        {
            "address1": "74 Ranch Drive",
            "address2": "",
            "city": "Montgomery",
            "state": "AL",
            "postalCode": "36109",
         
            "latitude": 32.383322,
            "longitude": -86.235124
            
        },
        {
            "address1": "6601 West Ocotillo Road",
            "address2": "",
            "city": "Glendale",
            "state": "AZ",
            "postalCode": "85301",
           
            "latitude": 33.53433,
            "longitude": -112.2011246
            
        },
        {
            "address1": "19416 Barclay Road",
            "address2": "",
            "city": "Castro Valley",
            "state": "CA",
            "postalCode": "94546",
       
            "latitude": 37.70382,
            "longitude": -122.091054
            
        },
        {
            "address1": "1347 Blackwalnut Court",
            "address2": "",
            "city": "Annapolis",
            "state": "MD",
            "postalCode": "21403",
            
            "latitude": 38.936881,
            "longitude": -76.475823
            
        },
        {
            "address1": "1770 Colony Way",
            "address2": "",
            "city": "Fayetteville",
            "state": "AR",
            "postalCode": "72704",
            
            "latitude": 36.0867,
            "longitude": -94.229754
            
        },
        {
            "address1": "165 Saint John Street",
            "address2": "",
            "city": "Manchester",
            "state": "CT",
            "postalCode": "06040",
            
            "latitude": 41.7762171,
            "longitude": -72.5410548
            
        },
        {
            "address1": "2409 Research Boulevard",
            "address2": "",
            "city": "Fort Collins",
            "state": "CO",
            "postalCode": "80526",
            
            "latitude": 40.554586,
            "longitude": -105.087852
            
        },
        {
            "address1": "1903 Bashford Manor Lane",
            "address2": "",
            "city": "Louisville",
            "state": "KY",
            "postalCode": "40218",
           
            "latitude": 38.1977059,
            "longitude": -85.675288
            
        },
        {
            "address1": "8315 Surf Drive",
            "address2": "",
            "city": "Panama City Beach",
            "state": "FL",
            "postalCode": "32408",
            
            "latitude": 30.163458,
            "longitude": -85.785449
            
        },
        {
            "address1": "3301 Old Muldoon Road",
            "address2": "",
            "city": "Anchorage",
            "state": "AK",
            "postalCode": "99504",
            
            "latitude": 61.1908348,
            "longitude": -149.7340096
            
        },
        {
            "address1": "8800 Cordell Circle",
            "address2": "#APT 000003",
            "city": "Anchorage",
            "state": "AK",
            "postalCode": "99502",
            
            "latitude": 61.1409305,
            "longitude": -149.9437822
            
        },
        {
            "address1": "117 East Cook Avenue",
            "address2": "",
            "city": "Anchorage",
            "state": "AK",
            "postalCode": "99501",
            
            "latitude": 61.230336,
            "longitude": -149.883795
            
        },
        {
            "address1": "6231 North 67th Avenue",
            "address2": "#241",
            "city": "Glendale",
            "state": "AZ",
            "postalCode": "85301",
            
            "latitude": 33.5279666,
            "longitude": -112.2022551
            
        },
        {
            "address1": "8505 Waters Avenue",
            "address2": "#66",
            "city": "Savannah",
            "state": "GA",
            "postalCode": "31406",
            
            "latitude": 31.9901877,
            "longitude": -81.1070672
            
        },
        {
            "address1": "7 Underwood Place Northwest",
            "address2": "",
            "city": "Washington",
            "state": "DC",
            "postalCode": "20012",
            
            "latitude": 38.969351,
            "longitude": -77.009722
            
        },
        {
            "address1": "21950 Arnold Center Road",
            "address2": "",
            "city": "Carson",
            "state": "CA",
            "postalCode": "90810",
           
            "latitude": 33.8272706,
            "longitude": -118.2302826
            
        },
        {
            "address1": "1427 South Carolina Avenue Southeast",
            "address2": "",
            "city": "Washington",
            "state": "DC",
            "postalCode": "20003",
            
            "latitude": 38.886615,
            "longitude": -76.9845349
            
        },
        {
            "address1": "1420 Turtleback Trail",
            "address2": "",
            "city": "Panama City",
            "state": "FL",
            "postalCode": "32413",
            
            "latitude": 30.281084,
            "longitude": -85.9677169
        
        }
    ],
    "attribution": [
        "City of Haddam (CT)",
        "Ciy of Hartford (CT)",
        "City of Lyme (CT)",
        "City of Manchester (CT)",
        "City of Watertown (CT)",
        "City of Avon (CT)",
        "Town of Fairfield (CT)",
        "City of Groton (CT)",
        "Office of Geographic Information (MassGIS), Commonwealth of Massachusetts, MassIT (MA)",
        "VT Enhanced 911 Board, VCGI (VT)",
        "City of Huntsville (AL)",
        "City of Montgomery (AL)",
        "Shelby County (AL)",
        "Talladega County (AL)",
        "City of Fayetteville (AR)",
        "Arkansas Geographic Information Office (AR)",
        "City of Washington (DC)",
        "Bay County (FL)",
        "Brevard County (FL)",
        "Charlotte County (FL)",
        "Citrus County (FL)",
        "Clay County (FL)",
        "Highlands County, FL (FL)",
        "Hillsborough County (FL)",
        "City of Savannah (GA)",
        "Gordon County (GA)",
        "Muscogee County (GA)",
        "Sumter County (GA)",
        "Metro Louisville,  LOJIC partners (KY)",
        "Anne Arundel County (MD)",
        "City of Baltimore (MD)",
        "Frederick County (MD)",
        "Oklahoma and Logan Counties - Association of Central Oklahoma Governments (OK)",
        "Kern, Cleveland, Canadian, Logan Counties (OK)",
        "City of Nashville (TN)",
        "Cooke,Fannin,Grayson Counties - Texoma Council of Governments (TX)",
        "Municipality of Anchorage (AK)",
        "Copyright © 2015 Kenai Peninsula Borough (AK)",
        "Matanuska-Susitna Borough (AK)",
        "City of Glendale (AZ)",
        "City of Mesa (AZ)",
        "Alameda County (CA)",
        "Amador County (CA)",
        "City of Berkeley (CA)",
        "Butte County (CA)",
        "City of Bakersfield (CA)",
        "City of Carson (CA)",
        "City of Cupertino (CA)",
        "City of Hayward and Fairview. Licensed for Public Use (CA)",
        "City of Mountain View (CA)",
        "City of Orange (CA)",
        "Contra Costa County (CA)",
        "El Dorando County (CA)",
        "Fresno County (CA)",
        "Humboldt County (CA)",
        "Kern County (CA)",
        "Kings County (CA)",
        "Lake County (CA)",
        "Lassen County (CA)",
        "Los Angeles County (CA)",
        "Madera County (CA)",
        "Marin County (CA)",
        "Merced County (CA)",
        "Mono County (CA)",
        "Monterey County (CA)",
        "Napa County (CA)",
        "County of Nevada, California (CA)",
        "Orange County (CA)",
        "City of Palo Alto (CA)",
        "County of Placer (CA)",
        "Secramento County (CA)",
        "San Bernardino County (CA)",
        "San Diego Geographic Information Source - JPA (CA)",
        "San Joaquin County (CA)",
        "San Luis Obispo County (CA)",
        "San Mateo County (CA)",
        "Santa Barbara County (CA)",
        "Santa Clara County (CA)",
        "Santa Cruz County (CA)",
        "Shasta County (CA)",
        "Solano County (CA)",
        "Sonoma County (CA)",
        "Stanislaus County (CA)",
        "Tuolumne County (CA)",
        "Yolo County (CA)",
        "Yuba County (CA)",
        "Arapahoe County (CO)",
        "Archuleta County (CO)",
        "City of Arvada (CO)",
        "City of Aurora (CO)",
        "City of Boulder (CO)",
        "City of Fort Collins (CO)",
        "City of Greeley (CO)",
        "City of Loveland (CO)",
        "City of Westminster (CO)",
        "Gilpin County (CO)",
        "Gunnison County (CO)",
        "Jefferson County (CO)",
        "Larimer County (CO)",
        "Mesa County (CO)",
        "Pitkin County (CO)",
        "Pubelo County (CO)",
        "San Miguel County (CO)",
        "City of Honolulu (HI)"
    ]
}